<?xml version="1.0" encoding="UTF-8"?>
<!DOCTYPE mapper
  PUBLIC "-//mybatis.org//DTD Mapper 3.0//EN"
  "http://mybatis.org/dtd/mybatis-3-mapper.dtd">
<mapper namespace="com.team.shop.mapper.NoticeMapper">

	<!-- 게시판 등록 -->
	<insert id="enroll">
	
		insert into Notice(title, content, writer) values (#{title}, #{content}, #{writer})
		
	</insert>
	
	<!-- 게시판 목록 -->
	<select id="getList" resultType="com.team.shop.model.NoticeVO">
	
		select * from Notice
	
	</select>
	
    <!-- Oracle -->
    <!-- 게시물 목록(페이징) -->
    <select id="getListPaging" resultType="com.team.shop.model.NoticeVO">
    
    <![CDATA[        
        select bno, title, content, writer, regdate from(
                select /*+INDEX_DESC(Notice pk_Notice) */ rownum  as rn, bno, title, content, writer, regdate
                from Notice where rownum <= #{pageNum} * #{amount} 
    ]]>            
  
    <![CDATA[
                )
        where rn > (#{pageNum} -1) * #{amount}  
    ]]>
    
    </select>
	
	<!-- 게시판 조회 -->
	<select id="getPage" resultType="com.team.shop.model.NoticeVO">
	
		select * from Notice where bno = #{bno}
		
	</select>
	
	<!-- 게시판 수정 -->
	<update id="modify">
	
		update Notice set title = #{title}, content = #{content} where bno = #{bno}
		
	</update>
	
	<!-- 게시판 삭제 -->
	<delete id="delete">
	
		delete from Notice where bno = #{bno}
	
	</delete>
	
	<!-- 게시물 총 개수 -->
	<select id="getTotal" resultType="int">
	
		select count(*) from Notice
	
	</select>
    
</mapper>